{"_format":"ethers-rs-sol-cache-3","paths":{"artifacts":"out","build_infos":"out/build-info","sources":"src","tests":"test","scripts":"script","libraries":["lib"]},"files":{"lib/forge-std/src/Base.sol":{"lastModificationDate":1744269061641,"contentHash":"ee13c050b1914464f1d3f90cde90204b","sourceName":"lib/forge-std/src/Base.sol","solcConfig":{"settings":{"optimizer":{"enabled":true,"runs":200},"metadata":{"useLiteralContent":false,"bytecodeHash":"ipfs","appendCBOR":true},"outputSelection":{"*":{"*":["abi","evm.bytecode","evm.deployedBytecode","evm.methodIdentifiers","metadata"]}},"evmVersion":"paris","viaIR":false,"libraries":{}}},"imports":["lib/forge-std/src/StdStorage.sol","lib/forge-std/src/Vm.sol"],"versionRequirement":">=0.6.2, <0.9.0","artifacts":{"CommonBase":{"0.8.25+commit.b61c2a91.Linux.gcc":"Base.sol/CommonBase.json"},"ScriptBase":{"0.8.25+commit.b61c2a91.Linux.gcc":"Base.sol/ScriptBase.json"},"TestBase":{"0.8.25+commit.b61c2a91.Linux.gcc":"Base.sol/TestBase.json"}}},"lib/forge-std/src/Script.sol":{"lastModificationDate":1744269061641,"contentHash":"ba325c778a7da8a21c2136aa32763c14","sourceName":"lib/forge-std/src/Script.sol","solcConfig":{"settings":{"optimizer":{"enabled":true,"runs":200},"metadata":{"useLiteralContent":false,"bytecodeHash":"ipfs","appendCBOR":true},"outputSelection":{"*":{"*":["abi","evm.bytecode","evm.deployedBytecode","evm.methodIdentifiers","metadata"]}},"evmVersion":"paris","viaIR":false,"libraries":{}}},"imports":["lib/forge-std/src/Base.sol","lib/forge-std/src/StdChains.sol","lib/forge-std/src/StdCheats.sol","lib/forge-std/src/StdJson.sol","lib/forge-std/src/StdMath.sol","lib/forge-std/src/StdStorage.sol","lib/forge-std/src/StdStyle.sol","lib/forge-std/src/StdUtils.sol","lib/forge-std/src/Vm.sol","lib/forge-std/src/console.sol","lib/forge-std/src/console2.sol","lib/forge-std/src/interfaces/IMulticall3.sol","lib/forge-std/src/safeconsole.sol"],"versionRequirement":">=0.6.2, <0.9.0","artifacts":{"Script":{"0.8.25+commit.b61c2a91.Linux.gcc":"Script.sol/Script.json"}}},"lib/forge-std/src/StdAssertions.sol":{"lastModificationDate":1744269061624,"contentHash":"25b77f9806b64d497b8a46aeb8e5f6f0","sourceName":"lib/forge-std/src/StdAssertions.sol","solcConfig":{"settings":{"optimizer":{"enabled":true,"runs":200},"metadata":{"useLiteralContent":false,"bytecodeHash":"ipfs","appendCBOR":true},"outputSelection":{"*":{"*":["abi","evm.bytecode","evm.deployedBytecode","evm.methodIdentifiers","metadata"]}},"evmVersion":"paris","viaIR":false,"libraries":{}}},"imports":["lib/forge-std/src/Vm.sol"],"versionRequirement":">=0.6.2, <0.9.0","artifacts":{"StdAssertions":{"0.8.25+commit.b61c2a91.Linux.gcc":"StdAssertions.sol/StdAssertions.json"}}},"lib/forge-std/src/StdChains.sol":{"lastModificationDate":1744269061641,"contentHash":"66948cf054cccf8b05793a59bd258451","sourceName":"lib/forge-std/src/StdChains.sol","solcConfig":{"settings":{"optimizer":{"enabled":true,"runs":200},"metadata":{"useLiteralContent":false,"bytecodeHash":"ipfs","appendCBOR":true},"outputSelection":{"*":{"*":["abi","evm.bytecode","evm.deployedBytecode","evm.methodIdentifiers","metadata"]}},"evmVersion":"paris","viaIR":false,"libraries":{}}},"imports":["lib/forge-std/src/Vm.sol"],"versionRequirement":">=0.6.2, <0.9.0","artifacts":{"StdChains":{"0.8.25+commit.b61c2a91.Linux.gcc":"StdChains.sol/StdChains.json"}}},"lib/forge-std/src/StdCheats.sol":{"lastModificationDate":1744269061624,"contentHash":"88408106c41697153142f6a6eeb06728","sourceName":"lib/forge-std/src/StdCheats.sol","solcConfig":{"settings":{"optimizer":{"enabled":true,"runs":200},"metadata":{"useLiteralContent":false,"bytecodeHash":"ipfs","appendCBOR":true},"outputSelection":{"*":{"*":["abi","evm.bytecode","evm.deployedBytecode","evm.methodIdentifiers","metadata"]}},"evmVersion":"paris","viaIR":false,"libraries":{}}},"imports":["lib/forge-std/src/StdStorage.sol","lib/forge-std/src/Vm.sol","lib/forge-std/src/console.sol","lib/forge-std/src/console2.sol"],"versionRequirement":">=0.6.2, <0.9.0","artifacts":{"StdCheats":{"0.8.25+commit.b61c2a91.Linux.gcc":"StdCheats.sol/StdCheats.json"},"StdCheatsSafe":{"0.8.25+commit.b61c2a91.Linux.gcc":"StdCheats.sol/StdCheatsSafe.json"}}},"lib/forge-std/src/StdError.sol":{"lastModificationDate":1744269061624,"contentHash":"64c896e1276a291776e5ea5aecb3870a","sourceName":"lib/forge-std/src/StdError.sol","solcConfig":{"settings":{"optimizer":{"enabled":true,"runs":200},"metadata":{"useLiteralContent":false,"bytecodeHash":"ipfs","appendCBOR":true},"outputSelection":{"*":{"*":["abi","evm.bytecode","evm.deployedBytecode","evm.methodIdentifiers","metadata"]}},"evmVersion":"paris","viaIR":false,"libraries":{}}},"imports":[],"versionRequirement":">=0.6.2, <0.9.0","artifacts":{"stdError":{"0.8.25+commit.b61c2a91.Linux.gcc":"StdError.sol/stdError.json"}}},"lib/forge-std/src/StdInvariant.sol":{"lastModificationDate":1744269061624,"contentHash":"f16837d0e7cb829544ae1f1319ea7643","sourceName":"lib/forge-std/src/StdInvariant.sol","solcConfig":{"settings":{"optimizer":{"enabled":true,"runs":200},"metadata":{"useLiteralContent":false,"bytecodeHash":"ipfs","appendCBOR":true},"outputSelection":{"*":{"*":["abi","evm.bytecode","evm.deployedBytecode","evm.methodIdentifiers","metadata"]}},"evmVersion":"paris","viaIR":false,"libraries":{}}},"imports":[],"versionRequirement":">=0.6.2, <0.9.0","artifacts":{"StdInvariant":{"0.8.25+commit.b61c2a91.Linux.gcc":"StdInvariant.sol/StdInvariant.json"}}},"lib/forge-std/src/StdJson.sol":{"lastModificationDate":1744269061624,"contentHash":"02209da5708eaee03e24a9c24a687370","sourceName":"lib/forge-std/src/StdJson.sol","solcConfig":{"settings":{"optimizer":{"enabled":true,"runs":200},"metadata":{"useLiteralContent":false,"bytecodeHash":"ipfs","appendCBOR":true},"outputSelection":{"*":{"*":["abi","evm.bytecode","evm.deployedBytecode","evm.methodIdentifiers","metadata"]}},"evmVersion":"paris","viaIR":false,"libraries":{}}},"imports":["lib/forge-std/src/Vm.sol"],"versionRequirement":">=0.6.0, <0.9.0","artifacts":{"stdJson":{"0.8.25+commit.b61c2a91.Linux.gcc":"StdJson.sol/stdJson.json"}}},"lib/forge-std/src/StdMath.sol":{"lastModificationDate":1744269061624,"contentHash":"9da8f453eba6bb98f3d75bc6822bfb29","sourceName":"lib/forge-std/src/StdMath.sol","solcConfig":{"settings":{"optimizer":{"enabled":true,"runs":200},"metadata":{"useLiteralContent":false,"bytecodeHash":"ipfs","appendCBOR":true},"outputSelection":{"*":{"*":["abi","evm.bytecode","evm.deployedBytecode","evm.methodIdentifiers","metadata"]}},"evmVersion":"paris","viaIR":false,"libraries":{}}},"imports":[],"versionRequirement":">=0.6.2, <0.9.0","artifacts":{"stdMath":{"0.8.25+commit.b61c2a91.Linux.gcc":"StdMath.sol/stdMath.json"}}},"lib/forge-std/src/StdStorage.sol":{"lastModificationDate":1744269061624,"contentHash":"ce68f6e336944f16d31351a47d0b19b8","sourceName":"lib/forge-std/src/StdStorage.sol","solcConfig":{"settings":{"optimizer":{"enabled":true,"runs":200},"metadata":{"useLiteralContent":false,"bytecodeHash":"ipfs","appendCBOR":true},"outputSelection":{"*":{"*":["abi","evm.bytecode","evm.deployedBytecode","evm.methodIdentifiers","metadata"]}},"evmVersion":"paris","viaIR":false,"libraries":{}}},"imports":["lib/forge-std/src/Vm.sol"],"versionRequirement":">=0.6.2, <0.9.0","artifacts":{"stdStorage":{"0.8.25+commit.b61c2a91.Linux.gcc":"StdStorage.sol/stdStorage.json"},"stdStorageSafe":{"0.8.25+commit.b61c2a91.Linux.gcc":"StdStorage.sol/stdStorageSafe.json"}}},"lib/forge-std/src/StdStyle.sol":{"lastModificationDate":1744269061625,"contentHash":"6281165a12aa639705c691fccefd855e","sourceName":"lib/forge-std/src/StdStyle.sol","solcConfig":{"settings":{"optimizer":{"enabled":true,"runs":200},"metadata":{"useLiteralContent":false,"bytecodeHash":"ipfs","appendCBOR":true},"outputSelection":{"*":{"*":["abi","evm.bytecode","evm.deployedBytecode","evm.methodIdentifiers","metadata"]}},"evmVersion":"paris","viaIR":false,"libraries":{}}},"imports":["lib/forge-std/src/Vm.sol"],"versionRequirement":">=0.4.22, <0.9.0","artifacts":{"StdStyle":{"0.8.25+commit.b61c2a91.Linux.gcc":"StdStyle.sol/StdStyle.json"}}},"lib/forge-std/src/StdToml.sol":{"lastModificationDate":1744269061625,"contentHash":"4bce85a4c60f2c073e651ee8140bcb4d","sourceName":"lib/forge-std/src/StdToml.sol","solcConfig":{"settings":{"optimizer":{"enabled":true,"runs":200},"metadata":{"useLiteralContent":false,"bytecodeHash":"ipfs","appendCBOR":true},"outputSelection":{"*":{"*":["abi","evm.bytecode","evm.deployedBytecode","evm.methodIdentifiers","metadata"]}},"evmVersion":"paris","viaIR":false,"libraries":{}}},"imports":["lib/forge-std/src/Vm.sol"],"versionRequirement":">=0.6.0, <0.9.0","artifacts":{"stdToml":{"0.8.25+commit.b61c2a91.Linux.gcc":"StdToml.sol/stdToml.json"}}},"lib/forge-std/src/StdUtils.sol":{"lastModificationDate":1744269061625,"contentHash":"4c104fcdec12d3b28348ff9e32c1e4eb","sourceName":"lib/forge-std/src/StdUtils.sol","solcConfig":{"settings":{"optimizer":{"enabled":true,"runs":200},"metadata":{"useLiteralContent":false,"bytecodeHash":"ipfs","appendCBOR":true},"outputSelection":{"*":{"*":["abi","evm.bytecode","evm.deployedBytecode","evm.methodIdentifiers","metadata"]}},"evmVersion":"paris","viaIR":false,"libraries":{}}},"imports":["lib/forge-std/src/Vm.sol","lib/forge-std/src/interfaces/IMulticall3.sol"],"versionRequirement":">=0.6.2, <0.9.0","artifacts":{"StdUtils":{"0.8.25+commit.b61c2a91.Linux.gcc":"StdUtils.sol/StdUtils.json"}}},"lib/forge-std/src/Test.sol":{"lastModificationDate":1744269061641,"contentHash":"b6f15605355fc8c421fe42a90f94bf32","sourceName":"lib/forge-std/src/Test.sol","solcConfig":{"settings":{"optimizer":{"enabled":true,"runs":200},"metadata":{"useLiteralContent":false,"bytecodeHash":"ipfs","appendCBOR":true},"outputSelection":{"*":{"*":["abi","evm.bytecode","evm.deployedBytecode","evm.methodIdentifiers","metadata"]}},"evmVersion":"paris","viaIR":false,"libraries":{}}},"imports":["lib/forge-std/src/Base.sol","lib/forge-std/src/StdAssertions.sol","lib/forge-std/src/StdChains.sol","lib/forge-std/src/StdCheats.sol","lib/forge-std/src/StdError.sol","lib/forge-std/src/StdInvariant.sol","lib/forge-std/src/StdJson.sol","lib/forge-std/src/StdMath.sol","lib/forge-std/src/StdStorage.sol","lib/forge-std/src/StdStyle.sol","lib/forge-std/src/StdToml.sol","lib/forge-std/src/StdUtils.sol","lib/forge-std/src/Vm.sol","lib/forge-std/src/console.sol","lib/forge-std/src/console2.sol","lib/forge-std/src/interfaces/IMulticall3.sol","lib/forge-std/src/safeconsole.sol"],"versionRequirement":">=0.6.2, <0.9.0","artifacts":{"Test":{"0.8.25+commit.b61c2a91.Linux.gcc":"Test.sol/Test.json"}}},"lib/forge-std/src/Vm.sol":{"lastModificationDate":1744269061642,"contentHash":"96e14164f19bc51b0aff863087896678","sourceName":"lib/forge-std/src/Vm.sol","solcConfig":{"settings":{"optimizer":{"enabled":true,"runs":200},"metadata":{"useLiteralContent":false,"bytecodeHash":"ipfs","appendCBOR":true},"outputSelection":{"*":{"*":["abi","evm.bytecode","evm.deployedBytecode","evm.methodIdentifiers","metadata"]}},"evmVersion":"paris","viaIR":false,"libraries":{}}},"imports":[],"versionRequirement":">=0.6.2, <0.9.0","artifacts":{"Vm":{"0.8.25+commit.b61c2a91.Linux.gcc":"Vm.sol/Vm.json"},"VmSafe":{"0.8.25+commit.b61c2a91.Linux.gcc":"Vm.sol/VmSafe.json"}}},"lib/forge-std/src/console.sol":{"lastModificationDate":1744269061626,"contentHash":"ce19a9e49945b42118379ff99d853c05","sourceName":"lib/forge-std/src/console.sol","solcConfig":{"settings":{"optimizer":{"enabled":true,"runs":200},"metadata":{"useLiteralContent":false,"bytecodeHash":"ipfs","appendCBOR":true},"outputSelection":{"*":{"*":["abi","evm.bytecode","evm.deployedBytecode","evm.methodIdentifiers","metadata"]}},"evmVersion":"paris","viaIR":false,"libraries":{}}},"imports":[],"versionRequirement":">=0.4.22, <0.9.0","artifacts":{"console":{"0.8.25+commit.b61c2a91.Linux.gcc":"console.sol/console.json"}}},"lib/forge-std/src/console2.sol":{"lastModificationDate":1744269061626,"contentHash":"f65ad21034b111e70fb5342d5771efcd","sourceName":"lib/forge-std/src/console2.sol","solcConfig":{"settings":{"optimizer":{"enabled":true,"runs":200},"metadata":{"useLiteralContent":false,"bytecodeHash":"ipfs","appendCBOR":true},"outputSelection":{"*":{"*":["abi","evm.bytecode","evm.deployedBytecode","evm.methodIdentifiers","metadata"]}},"evmVersion":"paris","viaIR":false,"libraries":{}}},"imports":["lib/forge-std/src/console.sol"],"versionRequirement":">=0.4.22, <0.9.0","artifacts":{}},"lib/forge-std/src/interfaces/IMulticall3.sol":{"lastModificationDate":1744269061626,"contentHash":"7b131ca1ca32ef6378b7b9ad5488b901","sourceName":"lib/forge-std/src/interfaces/IMulticall3.sol","solcConfig":{"settings":{"optimizer":{"enabled":true,"runs":200},"metadata":{"useLiteralContent":false,"bytecodeHash":"ipfs","appendCBOR":true},"outputSelection":{"*":{"*":["abi","evm.bytecode","evm.deployedBytecode","evm.methodIdentifiers","metadata"]}},"evmVersion":"paris","viaIR":false,"libraries":{}}},"imports":[],"versionRequirement":">=0.6.2, <0.9.0","artifacts":{"IMulticall3":{"0.8.25+commit.b61c2a91.Linux.gcc":"IMulticall3.sol/IMulticall3.json"}}},"lib/forge-std/src/safeconsole.sol":{"lastModificationDate":1744269061627,"contentHash":"1445aa2f47000e212173e0cefd6c7a77","sourceName":"lib/forge-std/src/safeconsole.sol","solcConfig":{"settings":{"optimizer":{"enabled":true,"runs":200},"metadata":{"useLiteralContent":false,"bytecodeHash":"ipfs","appendCBOR":true},"outputSelection":{"*":{"*":["abi","evm.bytecode","evm.deployedBytecode","evm.methodIdentifiers","metadata"]}},"evmVersion":"paris","viaIR":false,"libraries":{}}},"imports":[],"versionRequirement":">=0.6.2, <0.9.0","artifacts":{"safeconsole":{"0.8.25+commit.b61c2a91.Linux.gcc":"safeconsole.sol/safeconsole.json"}}},"node_modules/@openzeppelin/contracts/access/AccessControl.sol":{"lastModificationDate":1744613476314,"contentHash":"849b15469d8e2bd01b49e6c632e448e7","sourceName":"node_modules/@openzeppelin/contracts/access/AccessControl.sol","solcConfig":{"settings":{"optimizer":{"enabled":true,"runs":200},"metadata":{"useLiteralContent":false,"bytecodeHash":"ipfs","appendCBOR":true},"outputSelection":{"*":{"*":["abi","evm.bytecode","evm.deployedBytecode","evm.methodIdentifiers","metadata"]}},"evmVersion":"paris","viaIR":false,"libraries":{}}},"imports":["node_modules/@openzeppelin/contracts/access/IAccessControl.sol","node_modules/@openzeppelin/contracts/utils/Context.sol","node_modules/@openzeppelin/contracts/utils/introspection/ERC165.sol","node_modules/@openzeppelin/contracts/utils/introspection/IERC165.sol"],"versionRequirement":"^0.8.20","artifacts":{"AccessControl":{"0.8.25+commit.b61c2a91.Linux.gcc":"AccessControl.sol/AccessControl.json"}}},"node_modules/@openzeppelin/contracts/access/IAccessControl.sol":{"lastModificationDate":1744613476341,"contentHash":"80621031deacf7066ec81277f9b1463a","sourceName":"node_modules/@openzeppelin/contracts/access/IAccessControl.sol","solcConfig":{"settings":{"optimizer":{"enabled":true,"runs":200},"metadata":{"useLiteralContent":false,"bytecodeHash":"ipfs","appendCBOR":true},"outputSelection":{"*":{"*":["abi","evm.bytecode","evm.deployedBytecode","evm.methodIdentifiers","metadata"]}},"evmVersion":"paris","viaIR":false,"libraries":{}}},"imports":[],"versionRequirement":"^0.8.20","artifacts":{"IAccessControl":{"0.8.25+commit.b61c2a91.Linux.gcc":"IAccessControl.sol/IAccessControl.json"}}},"node_modules/@openzeppelin/contracts/access/Ownable.sol":{"lastModificationDate":1744613476350,"contentHash":"d3c790edc9ccf808a17c5a6cd13614fd","sourceName":"node_modules/@openzeppelin/contracts/access/Ownable.sol","solcConfig":{"settings":{"optimizer":{"enabled":true,"runs":200},"metadata":{"useLiteralContent":false,"bytecodeHash":"ipfs","appendCBOR":true},"outputSelection":{"*":{"*":["abi","evm.bytecode","evm.deployedBytecode","evm.methodIdentifiers","metadata"]}},"evmVersion":"paris","viaIR":false,"libraries":{}}},"imports":["node_modules/@openzeppelin/contracts/utils/Context.sol"],"versionRequirement":"^0.8.20","artifacts":{"Ownable":{"0.8.25+commit.b61c2a91.Linux.gcc":"Ownable.sol/Ownable.json"}}},"node_modules/@openzeppelin/contracts/interfaces/draft-IERC6093.sol":{"lastModificationDate":1744613476326,"contentHash":"267d92fe4de67b1bdb3302c08f387dbf","sourceName":"node_modules/@openzeppelin/contracts/interfaces/draft-IERC6093.sol","solcConfig":{"settings":{"optimizer":{"enabled":true,"runs":200},"metadata":{"useLiteralContent":false,"bytecodeHash":"ipfs","appendCBOR":true},"outputSelection":{"*":{"*":["abi","evm.bytecode","evm.deployedBytecode","evm.methodIdentifiers","metadata"]}},"evmVersion":"paris","viaIR":false,"libraries":{}}},"imports":[],"versionRequirement":"^0.8.20","artifacts":{"IERC1155Errors":{"0.8.25+commit.b61c2a91.Linux.gcc":"draft-IERC6093.sol/IERC1155Errors.json"},"IERC20Errors":{"0.8.25+commit.b61c2a91.Linux.gcc":"draft-IERC6093.sol/IERC20Errors.json"},"IERC721Errors":{"0.8.25+commit.b61c2a91.Linux.gcc":"draft-IERC6093.sol/IERC721Errors.json"}}},"node_modules/@openzeppelin/contracts/token/ERC20/ERC20.sol":{"lastModificationDate":1744613476332,"contentHash":"57d79df281f57bbb1b09214c7914f877","sourceName":"node_modules/@openzeppelin/contracts/token/ERC20/ERC20.sol","solcConfig":{"settings":{"optimizer":{"enabled":true,"runs":200},"metadata":{"useLiteralContent":false,"bytecodeHash":"ipfs","appendCBOR":true},"outputSelection":{"*":{"*":["abi","evm.bytecode","evm.deployedBytecode","evm.methodIdentifiers","metadata"]}},"evmVersion":"paris","viaIR":false,"libraries":{}}},"imports":["node_modules/@openzeppelin/contracts/interfaces/draft-IERC6093.sol","node_modules/@openzeppelin/contracts/token/ERC20/IERC20.sol","node_modules/@openzeppelin/contracts/token/ERC20/extensions/IERC20Metadata.sol","node_modules/@openzeppelin/contracts/utils/Context.sol"],"versionRequirement":"^0.8.20","artifacts":{"ERC20":{"0.8.25+commit.b61c2a91.Linux.gcc":"ERC20.sol/ERC20.json"}}},"node_modules/@openzeppelin/contracts/token/ERC20/IERC20.sol":{"lastModificationDate":1744613476344,"contentHash":"8f19f64d2adadf448840908bbaf431c8","sourceName":"node_modules/@openzeppelin/contracts/token/ERC20/IERC20.sol","solcConfig":{"settings":{"optimizer":{"enabled":true,"runs":200},"metadata":{"useLiteralContent":false,"bytecodeHash":"ipfs","appendCBOR":true},"outputSelection":{"*":{"*":["abi","evm.bytecode","evm.deployedBytecode","evm.methodIdentifiers","metadata"]}},"evmVersion":"paris","viaIR":false,"libraries":{}}},"imports":[],"versionRequirement":"^0.8.20","artifacts":{"IERC20":{"0.8.25+commit.b61c2a91.Linux.gcc":"IERC20.sol/IERC20.json"}}},"node_modules/@openzeppelin/contracts/token/ERC20/extensions/ERC20Pausable.sol":{"lastModificationDate":1744613476333,"contentHash":"a3ce035689a60e32921347c16a3fb786","sourceName":"node_modules/@openzeppelin/contracts/token/ERC20/extensions/ERC20Pausable.sol","solcConfig":{"settings":{"optimizer":{"enabled":true,"runs":200},"metadata":{"useLiteralContent":false,"bytecodeHash":"ipfs","appendCBOR":true},"outputSelection":{"*":{"*":["abi","evm.bytecode","evm.deployedBytecode","evm.methodIdentifiers","metadata"]}},"evmVersion":"paris","viaIR":false,"libraries":{}}},"imports":["node_modules/@openzeppelin/contracts/interfaces/draft-IERC6093.sol","node_modules/@openzeppelin/contracts/token/ERC20/ERC20.sol","node_modules/@openzeppelin/contracts/token/ERC20/IERC20.sol","node_modules/@openzeppelin/contracts/token/ERC20/extensions/IERC20Metadata.sol","node_modules/@openzeppelin/contracts/utils/Context.sol","node_modules/@openzeppelin/contracts/utils/Pausable.sol"],"versionRequirement":"^0.8.20","artifacts":{"ERC20Pausable":{"0.8.25+commit.b61c2a91.Linux.gcc":"ERC20Pausable.sol/ERC20Pausable.json"}}},"node_modules/@openzeppelin/contracts/token/ERC20/extensions/IERC20Metadata.sol":{"lastModificationDate":1744613476345,"contentHash":"794db3115001aa372c79326fcfd44b1f","sourceName":"node_modules/@openzeppelin/contracts/token/ERC20/extensions/IERC20Metadata.sol","solcConfig":{"settings":{"optimizer":{"enabled":true,"runs":200},"metadata":{"useLiteralContent":false,"bytecodeHash":"ipfs","appendCBOR":true},"outputSelection":{"*":{"*":["abi","evm.bytecode","evm.deployedBytecode","evm.methodIdentifiers","metadata"]}},"evmVersion":"paris","viaIR":false,"libraries":{}}},"imports":["node_modules/@openzeppelin/contracts/token/ERC20/IERC20.sol"],"versionRequirement":"^0.8.20","artifacts":{"IERC20Metadata":{"0.8.25+commit.b61c2a91.Linux.gcc":"IERC20Metadata.sol/IERC20Metadata.json"}}},"node_modules/@openzeppelin/contracts/utils/Context.sol":{"lastModificationDate":1744613476319,"contentHash":"67bfbc07588eb8683b3fd8f6f909563e","sourceName":"node_modules/@openzeppelin/contracts/utils/Context.sol","solcConfig":{"settings":{"optimizer":{"enabled":true,"runs":200},"metadata":{"useLiteralContent":false,"bytecodeHash":"ipfs","appendCBOR":true},"outputSelection":{"*":{"*":["abi","evm.bytecode","evm.deployedBytecode","evm.methodIdentifiers","metadata"]}},"evmVersion":"paris","viaIR":false,"libraries":{}}},"imports":[],"versionRequirement":"^0.8.20","artifacts":{"Context":{"0.8.25+commit.b61c2a91.Linux.gcc":"Context.sol/Context.json"}}},"node_modules/@openzeppelin/contracts/utils/Pausable.sol":{"lastModificationDate":1744613476351,"contentHash":"0d47b53e10b1985efbb396f937626279","sourceName":"node_modules/@openzeppelin/contracts/utils/Pausable.sol","solcConfig":{"settings":{"optimizer":{"enabled":true,"runs":200},"metadata":{"useLiteralContent":false,"bytecodeHash":"ipfs","appendCBOR":true},"outputSelection":{"*":{"*":["abi","evm.bytecode","evm.deployedBytecode","evm.methodIdentifiers","metadata"]}},"evmVersion":"paris","viaIR":false,"libraries":{}}},"imports":["node_modules/@openzeppelin/contracts/utils/Context.sol"],"versionRequirement":"^0.8.20","artifacts":{"Pausable":{"0.8.25+commit.b61c2a91.Linux.gcc":"Pausable.sol/Pausable.json"}}},"node_modules/@openzeppelin/contracts/utils/ReentrancyGuard.sol":{"lastModificationDate":1744613476352,"contentHash":"190613e556d509d9e9a0ea43dc5d891d","sourceName":"node_modules/@openzeppelin/contracts/utils/ReentrancyGuard.sol","solcConfig":{"settings":{"optimizer":{"enabled":true,"runs":200},"metadata":{"useLiteralContent":false,"bytecodeHash":"ipfs","appendCBOR":true},"outputSelection":{"*":{"*":["abi","evm.bytecode","evm.deployedBytecode","evm.methodIdentifiers","metadata"]}},"evmVersion":"paris","viaIR":false,"libraries":{}}},"imports":[],"versionRequirement":"^0.8.20","artifacts":{"ReentrancyGuard":{"0.8.25+commit.b61c2a91.Linux.gcc":"ReentrancyGuard.sol/ReentrancyGuard.json"}}},"node_modules/@openzeppelin/contracts/utils/introspection/ERC165.sol":{"lastModificationDate":1744613476330,"contentHash":"7c03c1e37c3dc24eafb76dc2b8a5c3a6","sourceName":"node_modules/@openzeppelin/contracts/utils/introspection/ERC165.sol","solcConfig":{"settings":{"optimizer":{"enabled":true,"runs":200},"metadata":{"useLiteralContent":false,"bytecodeHash":"ipfs","appendCBOR":true},"outputSelection":{"*":{"*":["abi","evm.bytecode","evm.deployedBytecode","evm.methodIdentifiers","metadata"]}},"evmVersion":"paris","viaIR":false,"libraries":{}}},"imports":["node_modules/@openzeppelin/contracts/utils/introspection/IERC165.sol"],"versionRequirement":"^0.8.20","artifacts":{"ERC165":{"0.8.25+commit.b61c2a91.Linux.gcc":"ERC165.sol/ERC165.json"}}},"node_modules/@openzeppelin/contracts/utils/introspection/IERC165.sol":{"lastModificationDate":1744613476344,"contentHash":"bf0119eb2a570f219729ff38b6cd1df8","sourceName":"node_modules/@openzeppelin/contracts/utils/introspection/IERC165.sol","solcConfig":{"settings":{"optimizer":{"enabled":true,"runs":200},"metadata":{"useLiteralContent":false,"bytecodeHash":"ipfs","appendCBOR":true},"outputSelection":{"*":{"*":["abi","evm.bytecode","evm.deployedBytecode","evm.methodIdentifiers","metadata"]}},"evmVersion":"paris","viaIR":false,"libraries":{}}},"imports":[],"versionRequirement":"^0.8.20","artifacts":{"IERC165":{"0.8.25+commit.b61c2a91.Linux.gcc":"IERC165.sol/IERC165.json"}}},"script/Counter.s.sol":{"lastModificationDate":1744269060223,"contentHash":"9a14ac1d1e131d32a3e01c99b197eb04","sourceName":"script/Counter.s.sol","solcConfig":{"settings":{"optimizer":{"enabled":true,"runs":200},"metadata":{"useLiteralContent":false,"bytecodeHash":"ipfs","appendCBOR":true},"outputSelection":{"*":{"*":["abi","evm.bytecode","evm.deployedBytecode","evm.methodIdentifiers","metadata"]}},"evmVersion":"paris","viaIR":false,"libraries":{}}},"imports":["lib/forge-std/src/Base.sol","lib/forge-std/src/Script.sol","lib/forge-std/src/StdChains.sol","lib/forge-std/src/StdCheats.sol","lib/forge-std/src/StdJson.sol","lib/forge-std/src/StdMath.sol","lib/forge-std/src/StdStorage.sol","lib/forge-std/src/StdStyle.sol","lib/forge-std/src/StdUtils.sol","lib/forge-std/src/Vm.sol","lib/forge-std/src/console.sol","lib/forge-std/src/console2.sol","lib/forge-std/src/interfaces/IMulticall3.sol","lib/forge-std/src/safeconsole.sol"],"versionRequirement":"^0.8.13","artifacts":{"CounterScript":{"0.8.25+commit.b61c2a91.Linux.gcc":"Counter.s.sol/CounterScript.json"}}},"src/card.sol":{"lastModificationDate":1746247287804,"contentHash":"97adadba8b85f945de53503ef02d44d8","sourceName":"src/card.sol","solcConfig":{"settings":{"optimizer":{"enabled":true,"runs":200},"metadata":{"useLiteralContent":false,"bytecodeHash":"ipfs","appendCBOR":true},"outputSelection":{"*":{"*":["abi","evm.bytecode","evm.deployedBytecode","evm.methodIdentifiers","metadata"]}},"evmVersion":"paris","viaIR":false,"libraries":{}}},"imports":["lib/forge-std/src/console.sol","node_modules/@openzeppelin/contracts/access/Ownable.sol","node_modules/@openzeppelin/contracts/interfaces/draft-IERC6093.sol","node_modules/@openzeppelin/contracts/token/ERC20/ERC20.sol","node_modules/@openzeppelin/contracts/token/ERC20/IERC20.sol","node_modules/@openzeppelin/contracts/token/ERC20/extensions/IERC20Metadata.sol","node_modules/@openzeppelin/contracts/utils/Context.sol","node_modules/@openzeppelin/contracts/utils/ReentrancyGuard.sol","src/masterpool.sol","src/utxo.sol"],"versionRequirement":"^0.8.20","artifacts":{"CardTokenManager":{"0.8.25+commit.b61c2a91.Linux.gcc":"card.sol/CardTokenManager.json"}}},"src/masterpool.sol":{"lastModificationDate":1746170779832,"contentHash":"281fe6736dfd068e6081209a1f677229","sourceName":"src/masterpool.sol","solcConfig":{"settings":{"optimizer":{"enabled":true,"runs":200},"metadata":{"useLiteralContent":false,"bytecodeHash":"ipfs","appendCBOR":true},"outputSelection":{"*":{"*":["abi","evm.bytecode","evm.deployedBytecode","evm.methodIdentifiers","metadata"]}},"evmVersion":"paris","viaIR":false,"libraries":{}}},"imports":["node_modules/@openzeppelin/contracts/access/Ownable.sol","node_modules/@openzeppelin/contracts/interfaces/draft-IERC6093.sol","node_modules/@openzeppelin/contracts/token/ERC20/ERC20.sol","node_modules/@openzeppelin/contracts/token/ERC20/IERC20.sol","node_modules/@openzeppelin/contracts/token/ERC20/extensions/IERC20Metadata.sol","node_modules/@openzeppelin/contracts/utils/Context.sol"],"versionRequirement":"^0.8.20","artifacts":{"IMasterPool":{"0.8.25+commit.b61c2a91.Linux.gcc":"masterpool.sol/IMasterPool.json"},"MasterPool":{"0.8.25+commit.b61c2a91.Linux.gcc":"masterpool.sol/MasterPool.json"}}},"src/mining.sol":{"lastModificationDate":1745031835238,"contentHash":"3ca89586a64f8bc3bf5cd6405983364d","sourceName":"src/mining.sol","solcConfig":{"settings":{"optimizer":{"enabled":true,"runs":200},"metadata":{"useLiteralContent":false,"bytecodeHash":"ipfs","appendCBOR":true},"outputSelection":{"*":{"*":["abi","evm.bytecode","evm.deployedBytecode","evm.methodIdentifiers","metadata"]}},"evmVersion":"paris","viaIR":false,"libraries":{}}},"imports":["lib/forge-std/src/console.sol","node_modules/@openzeppelin/contracts/access/Ownable.sol","node_modules/@openzeppelin/contracts/interfaces/draft-IERC6093.sol","node_modules/@openzeppelin/contracts/token/ERC20/ERC20.sol","node_modules/@openzeppelin/contracts/token/ERC20/IERC20.sol","node_modules/@openzeppelin/contracts/token/ERC20/extensions/IERC20Metadata.sol","node_modules/@openzeppelin/contracts/utils/Context.sol"],"versionRequirement":"^0.8.0","artifacts":{"GetJob":{"0.8.25+commit.b61c2a91.Linux.gcc":"mining.sol/GetJob.json"},"ICode":{"0.8.25+commit.b61c2a91.Linux.gcc":"mining.sol/ICode.json"},"IMiningDevice":{"0.8.25+commit.b61c2a91.Linux.gcc":"mining.sol/IMiningDevice.json"},"IMiningUser":{"0.8.25+commit.b61c2a91.Linux.gcc":"mining.sol/IMiningUser.json"},"MiningCode":{"0.8.25+commit.b61c2a91.Linux.gcc":"mining.sol/MiningCode.json"},"MiningDevice":{"0.8.25+commit.b61c2a91.Linux.gcc":"mining.sol/MiningDevice.json"},"MiningUser":{"0.8.25+commit.b61c2a91.Linux.gcc":"mining.sol/MiningUser.json"},"PendingMiningDevice":{"0.8.25+commit.b61c2a91.Linux.gcc":"mining.sol/PendingMiningDevice.json"},"PublicKeyFromPrivateKey":{"0.8.25+commit.b61c2a91.Linux.gcc":"mining.sol/PublicKeyFromPrivateKey.json"},"Signature":{"0.8.25+commit.b61c2a91.Linux.gcc":"mining.sol/Signature.json"}}},"src/mining1.sol":{"lastModificationDate":1744856567475,"contentHash":"c20752e210dcf945a0f21386b4d64d51","sourceName":"src/mining1.sol","solcConfig":{"settings":{"optimizer":{"enabled":true,"runs":200},"metadata":{"useLiteralContent":false,"bytecodeHash":"ipfs","appendCBOR":true},"outputSelection":{"*":{"*":["abi","evm.bytecode","evm.deployedBytecode","evm.methodIdentifiers","metadata"]}},"evmVersion":"paris","viaIR":false,"libraries":{}}},"imports":["node_modules/@openzeppelin/contracts/access/Ownable.sol","node_modules/@openzeppelin/contracts/interfaces/draft-IERC6093.sol","node_modules/@openzeppelin/contracts/token/ERC20/ERC20.sol","node_modules/@openzeppelin/contracts/token/ERC20/IERC20.sol","node_modules/@openzeppelin/contracts/token/ERC20/extensions/IERC20Metadata.sol","node_modules/@openzeppelin/contracts/utils/Context.sol"],"versionRequirement":"^0.8.0","artifacts":{"GetJob":{"0.8.25+commit.b61c2a91.Linux.gcc":"mining1.sol/GetJob.json"},"ICode":{"0.8.25+commit.b61c2a91.Linux.gcc":"mining1.sol/ICode.json"},"IMiningDevice":{"0.8.25+commit.b61c2a91.Linux.gcc":"mining1.sol/IMiningDevice.json"},"IMiningUser":{"0.8.25+commit.b61c2a91.Linux.gcc":"mining1.sol/IMiningUser.json"},"MiningCode":{"0.8.25+commit.b61c2a91.Linux.gcc":"mining1.sol/MiningCode.json"},"MiningDevice":{"0.8.25+commit.b61c2a91.Linux.gcc":"mining1.sol/MiningDevice.json"},"MiningUser":{"0.8.25+commit.b61c2a91.Linux.gcc":"mining1.sol/MiningUser.json"},"PendingMiningDevice":{"0.8.25+commit.b61c2a91.Linux.gcc":"mining1.sol/PendingMiningDevice.json"},"PublicKeyFromPrivateKey":{"0.8.25+commit.b61c2a91.Linux.gcc":"mining1.sol/PublicKeyFromPrivateKey.json"},"Signature":{"0.8.25+commit.b61c2a91.Linux.gcc":"mining1.sol/Signature.json"}}},"src/secureCheque.sol":{"lastModificationDate":1744688457165,"contentHash":"8517b2b5963fce95e6ce2093e0d0dbb0","sourceName":"src/secureCheque.sol","solcConfig":{"settings":{"optimizer":{"enabled":true,"runs":200},"metadata":{"useLiteralContent":false,"bytecodeHash":"ipfs","appendCBOR":true},"outputSelection":{"*":{"*":["abi","evm.bytecode","evm.deployedBytecode","evm.methodIdentifiers","metadata"]}},"evmVersion":"paris","viaIR":false,"libraries":{}}},"imports":[],"versionRequirement":"^0.8.20","artifacts":{"SecureCheque":{"0.8.25+commit.b61c2a91.Linux.gcc":"secureCheque.sol/SecureCheque.json"}}},"src/usdt.sol":{"lastModificationDate":1745478841764,"contentHash":"f706fe5a8327527de58f1a48607d0a95","sourceName":"src/usdt.sol","solcConfig":{"settings":{"optimizer":{"enabled":true,"runs":200},"metadata":{"useLiteralContent":false,"bytecodeHash":"ipfs","appendCBOR":true},"outputSelection":{"*":{"*":["abi","evm.bytecode","evm.deployedBytecode","evm.methodIdentifiers","metadata"]}},"evmVersion":"paris","viaIR":false,"libraries":{}}},"imports":["node_modules/@openzeppelin/contracts/access/AccessControl.sol","node_modules/@openzeppelin/contracts/access/IAccessControl.sol","node_modules/@openzeppelin/contracts/interfaces/draft-IERC6093.sol","node_modules/@openzeppelin/contracts/token/ERC20/ERC20.sol","node_modules/@openzeppelin/contracts/token/ERC20/IERC20.sol","node_modules/@openzeppelin/contracts/token/ERC20/extensions/ERC20Pausable.sol","node_modules/@openzeppelin/contracts/token/ERC20/extensions/IERC20Metadata.sol","node_modules/@openzeppelin/contracts/utils/Context.sol","node_modules/@openzeppelin/contracts/utils/Pausable.sol","node_modules/@openzeppelin/contracts/utils/introspection/ERC165.sol","node_modules/@openzeppelin/contracts/utils/introspection/IERC165.sol"],"versionRequirement":"^0.8.20","artifacts":{"USDT":{"0.8.25+commit.b61c2a91.Linux.gcc":"usdt.sol/USDT.json"}}},"src/utxo.sol":{"lastModificationDate":1746247459575,"contentHash":"1266d6b2e06cf2c10986419ccee095fa","sourceName":"src/utxo.sol","solcConfig":{"settings":{"optimizer":{"enabled":true,"runs":200},"metadata":{"useLiteralContent":false,"bytecodeHash":"ipfs","appendCBOR":true},"outputSelection":{"*":{"*":["abi","evm.bytecode","evm.deployedBytecode","evm.methodIdentifiers","metadata"]}},"evmVersion":"paris","viaIR":false,"libraries":{}}},"imports":["lib/forge-std/src/console.sol","node_modules/@openzeppelin/contracts/access/Ownable.sol","node_modules/@openzeppelin/contracts/interfaces/draft-IERC6093.sol","node_modules/@openzeppelin/contracts/token/ERC20/ERC20.sol","node_modules/@openzeppelin/contracts/token/ERC20/IERC20.sol","node_modules/@openzeppelin/contracts/token/ERC20/extensions/IERC20Metadata.sol","node_modules/@openzeppelin/contracts/utils/Context.sol","node_modules/@openzeppelin/contracts/utils/ReentrancyGuard.sol","src/masterpool.sol"],"versionRequirement":"^0.8.20","artifacts":{"PoolUTXO":{"0.8.25+commit.b61c2a91.Linux.gcc":"utxo.sol/PoolUTXO.json"},"UltraUTXO":{"0.8.25+commit.b61c2a91.Linux.gcc":"utxo.sol/UltraUTXO.json"}}},"test/card.t.sol":{"lastModificationDate":1746245219254,"contentHash":"b2cc1e09b60b3799822c4aadd7d427a5","sourceName":"test/card.t.sol","solcConfig":{"settings":{"optimizer":{"enabled":true,"runs":200},"metadata":{"useLiteralContent":false,"bytecodeHash":"ipfs","appendCBOR":true},"outputSelection":{"*":{"*":["abi","evm.bytecode","evm.deployedBytecode","evm.methodIdentifiers","metadata"]}},"evmVersion":"paris","viaIR":false,"libraries":{}}},"imports":["lib/forge-std/src/Base.sol","lib/forge-std/src/StdAssertions.sol","lib/forge-std/src/StdChains.sol","lib/forge-std/src/StdCheats.sol","lib/forge-std/src/StdError.sol","lib/forge-std/src/StdInvariant.sol","lib/forge-std/src/StdJson.sol","lib/forge-std/src/StdMath.sol","lib/forge-std/src/StdStorage.sol","lib/forge-std/src/StdStyle.sol","lib/forge-std/src/StdToml.sol","lib/forge-std/src/StdUtils.sol","lib/forge-std/src/Test.sol","lib/forge-std/src/Vm.sol","lib/forge-std/src/console.sol","lib/forge-std/src/console2.sol","lib/forge-std/src/interfaces/IMulticall3.sol","lib/forge-std/src/safeconsole.sol","node_modules/@openzeppelin/contracts/access/AccessControl.sol","node_modules/@openzeppelin/contracts/access/IAccessControl.sol","node_modules/@openzeppelin/contracts/access/Ownable.sol","node_modules/@openzeppelin/contracts/interfaces/draft-IERC6093.sol","node_modules/@openzeppelin/contracts/token/ERC20/ERC20.sol","node_modules/@openzeppelin/contracts/token/ERC20/IERC20.sol","node_modules/@openzeppelin/contracts/token/ERC20/extensions/ERC20Pausable.sol","node_modules/@openzeppelin/contracts/token/ERC20/extensions/IERC20Metadata.sol","node_modules/@openzeppelin/contracts/utils/Context.sol","node_modules/@openzeppelin/contracts/utils/Pausable.sol","node_modules/@openzeppelin/contracts/utils/ReentrancyGuard.sol","node_modules/@openzeppelin/contracts/utils/introspection/ERC165.sol","node_modules/@openzeppelin/contracts/utils/introspection/IERC165.sol","src/card.sol","src/masterpool.sol","src/usdt.sol","src/utxo.sol"],"versionRequirement":"^0.8.20","artifacts":{"CardTokenManagerTest":{"0.8.25+commit.b61c2a91.Linux.gcc":"card.t.sol/CardTokenManagerTest.json"}}},"test/mining.t.sol":{"lastModificationDate":1745398501823,"contentHash":"986cfe0f7f25f0c4a9b99784f0cc4949","sourceName":"test/mining.t.sol","solcConfig":{"settings":{"optimizer":{"enabled":true,"runs":200},"metadata":{"useLiteralContent":false,"bytecodeHash":"ipfs","appendCBOR":true},"outputSelection":{"*":{"*":["abi","evm.bytecode","evm.deployedBytecode","evm.methodIdentifiers","metadata"]}},"evmVersion":"paris","viaIR":false,"libraries":{}}},"imports":["lib/forge-std/src/Base.sol","lib/forge-std/src/StdAssertions.sol","lib/forge-std/src/StdChains.sol","lib/forge-std/src/StdCheats.sol","lib/forge-std/src/StdError.sol","lib/forge-std/src/StdInvariant.sol","lib/forge-std/src/StdJson.sol","lib/forge-std/src/StdMath.sol","lib/forge-std/src/StdStorage.sol","lib/forge-std/src/StdStyle.sol","lib/forge-std/src/StdToml.sol","lib/forge-std/src/StdUtils.sol","lib/forge-std/src/Test.sol","lib/forge-std/src/Vm.sol","lib/forge-std/src/console.sol","lib/forge-std/src/console2.sol","lib/forge-std/src/interfaces/IMulticall3.sol","lib/forge-std/src/safeconsole.sol","node_modules/@openzeppelin/contracts/access/Ownable.sol","node_modules/@openzeppelin/contracts/interfaces/draft-IERC6093.sol","node_modules/@openzeppelin/contracts/token/ERC20/ERC20.sol","node_modules/@openzeppelin/contracts/token/ERC20/IERC20.sol","node_modules/@openzeppelin/contracts/token/ERC20/extensions/IERC20Metadata.sol","node_modules/@openzeppelin/contracts/utils/Context.sol","src/mining.sol"],"versionRequirement":"^0.8.0","artifacts":{"MiningContractsTest":{"0.8.25+commit.b61c2a91.Linux.gcc":"mining.t.sol/MiningContractsTest.json"},"MockERC20":{"0.8.25+commit.b61c2a91.Linux.gcc":"mining.t.sol/MockERC20.json"}}},"test/utxo28.4.t.sol":{"lastModificationDate":1745835965755,"contentHash":"ca491d30409a7ee393e04ccc79704d64","sourceName":"test/utxo28.4.t.sol","solcConfig":{"settings":{"optimizer":{"enabled":true,"runs":200},"metadata":{"useLiteralContent":false,"bytecodeHash":"ipfs","appendCBOR":true},"outputSelection":{"*":{"*":["abi","evm.bytecode","evm.deployedBytecode","evm.methodIdentifiers","metadata"]}},"evmVersion":"paris","viaIR":false,"libraries":{}}},"imports":[],"versionRequirement":null,"artifacts":{}},"test/utxo_update.t.sol":{"lastModificationDate":1746249032530,"contentHash":"dbff6735d7d79eabca20babfed583d61","sourceName":"test/utxo_update.t.sol","solcConfig":{"settings":{"optimizer":{"enabled":true,"runs":200},"metadata":{"useLiteralContent":false,"bytecodeHash":"ipfs","appendCBOR":true},"outputSelection":{"*":{"*":["abi","evm.bytecode","evm.deployedBytecode","evm.methodIdentifiers","metadata"]}},"evmVersion":"paris","viaIR":false,"libraries":{}}},"imports":["lib/forge-std/src/Base.sol","lib/forge-std/src/StdAssertions.sol","lib/forge-std/src/StdChains.sol","lib/forge-std/src/StdCheats.sol","lib/forge-std/src/StdError.sol","lib/forge-std/src/StdInvariant.sol","lib/forge-std/src/StdJson.sol","lib/forge-std/src/StdMath.sol","lib/forge-std/src/StdStorage.sol","lib/forge-std/src/StdStyle.sol","lib/forge-std/src/StdToml.sol","lib/forge-std/src/StdUtils.sol","lib/forge-std/src/Test.sol","lib/forge-std/src/Vm.sol","lib/forge-std/src/console.sol","lib/forge-std/src/console2.sol","lib/forge-std/src/interfaces/IMulticall3.sol","lib/forge-std/src/safeconsole.sol","node_modules/@openzeppelin/contracts/access/AccessControl.sol","node_modules/@openzeppelin/contracts/access/IAccessControl.sol","node_modules/@openzeppelin/contracts/access/Ownable.sol","node_modules/@openzeppelin/contracts/interfaces/draft-IERC6093.sol","node_modules/@openzeppelin/contracts/token/ERC20/ERC20.sol","node_modules/@openzeppelin/contracts/token/ERC20/IERC20.sol","node_modules/@openzeppelin/contracts/token/ERC20/extensions/ERC20Pausable.sol","node_modules/@openzeppelin/contracts/token/ERC20/extensions/IERC20Metadata.sol","node_modules/@openzeppelin/contracts/utils/Context.sol","node_modules/@openzeppelin/contracts/utils/Pausable.sol","node_modules/@openzeppelin/contracts/utils/ReentrancyGuard.sol","node_modules/@openzeppelin/contracts/utils/introspection/ERC165.sol","node_modules/@openzeppelin/contracts/utils/introspection/IERC165.sol","src/masterpool.sol","src/usdt.sol","src/utxo.sol"],"versionRequirement":"^0.8.20","artifacts":{"UltraUTXOTest":{"0.8.25+commit.b61c2a91.Linux.gcc":"utxo_update.t.sol/UltraUTXOTest.json"}}}}}